67,userC_d349,http://127.0.0.1/api/I,2020-09-24 09:45:58.770,37,8e3f55b8-ecff-4a20-90e2-0253825a432e,20200924,094558
73,userI_cbab,http://127.0.0.1/api/I,2020-09-24 09:45:59.776,37,4e9f3598-dae4-4a4c-8c58-589b98c2b62c,20200924,094559
70,userF_befc,http://127.0.0.1/api/H,2020-09-24 09:46:00.776,48,b917bd1d-2f88-4ce9-a0c2-b33e953474a5,20200924,094600
67,userC_f432,http://127.0.0.1/api/I,2020-09-24 09:46:01.778,78,fae3179d-68c0-49ea-abef-50bec0cd0208,20200924,094601
65,userA_603c,http://127.0.0.1/api/H,2020-09-24 09:46:02.779,45,7dd188da-63b1-406d-9563-4f0731070c77,20200924,094602
99,userZ_d249,http://127.0.0.1/api/I,2020-09-24 09:45:58.770,37,8e3f55b8-ecff-4a20-90e2-0253825a432e,20200924,094603
74,userJ_6143,http://127.0.0.1/api/J,2020-09-24 09:46:03.781,32,f490465a-3864-4950-a7da-579a27d8ff8e,20200924,094603
65,userA_c359,http://127.0.0.1/api/J,2020-09-24 09:46:04.782,35,ec12c210-70e7-49c1-943b-2a0064bae007,20200924,094604
68,userD_49d6,http://127.0.0.1/api/J,2020-09-24 09:46:05.784,9,7947f072-4da8-4319-afda-a8385b74f579,20200924,094605
65,userA_7d50,http://127.0.0.1/api/I,2020-09-24 09:46:06.786,18,c0cb7bee-4e34-4232-9ba9-4a9a2e51d4b4,20200924,094606
67,userC_c265,http://127.0.0.1/api/I,2020-09-24 09:46:07.787,10,93294107-7cdf-44ec-896f-e39bbf605635,20200924,094607
70,userF_51cb,http://127.0.0.1/api/H,2020-09-24 09:46:08.789,78,d4bea0ce-15d5-4cb7-a71c-c137aa30d765,20200924,094608
97,userZ_d249,http://127.0.0.1/api/I,2020-09-24 09:45:58.770,37,8e3f55b8-ecff-4a20-90e2-0253825a432e,20200924,094603
69,userE_5587,http://127.0.0.1/api/K,2020-09-24 09:46:09.791,50,655cfe91-688c-4549-8e83-8435406a48c9,20200924,094609
74,userJ_450e,http://127.0.0.1/api/K,2020-09-24 09:46:10.792,7,c44f403f-0d3c-4b95-b8b8-5e099f9ba24a,20200924,094610
74,userJ_2f97,http://127.0.0.1/api/J,2020-09-24 09:46:11.795,59,ce05ec6d-e764-4d1d-b25b-b6dc8d9d203b,20200924,094611
98,userZ_d249,http://127.0.0.1/api/I,2020-09-24 09:45:58.770,37,8e3f55b8-ecff-4a20-90e2-0253825a432e,20200924,094603
73,userI_7027,http://127.0.0.1/api/H,2020-09-24 09:46:12.796,6,12fe9cef-ba39-46fb-a5c6-16d2f35cdf93,20200924,094612
72,userH_e9d8,http://127.0.0.1/api/K,2020-09-24 09:46:13.798,82,f00b70e6-3c9e-44b7-9392-f89646970901,20200924,094613
65,userA_06c4,http://127.0.0.1/api/J,2020-09-24 09:46:14.799,64,b6dd8fe8-dd41-4af1-b158-84d846fc0828,20200924,094614
68,userD_ac0f,http://127.0.0.1/api/K,2020-09-24 09:46:15.801,86,bc482a99-1715-4994-8c63-fc4ca4186a25,20200924,094615
71,userG_0394,http://127.0.0.1/api/H,2020-09-24 09:46:16.802,34,981ce702-9f43-43e4-9c66-12145b7df04f,20200924,094616
69,userE_9ac0,http://127.0.0.1/api/I,2020-09-24 09:46:17.804,70,992111ff-3794-4619-9636-84949b978565,20200924,094617
66,userB_1365,http://127.0.0.1/api/I,2020-09-24 09:46:18.805,46,3e709ae3-cd16-495b-a24c-76afb401ed9b,20200924,094618
67,userC_4074,http://127.0.0.1/api/K,2020-09-24 09:46:19.806,6,6a458493-0bb2-4312-8d77-170c510e0ece,20200924,094619
73,userI_f26f,http://127.0.0.1/api/I,2020-09-24 09:46:20.807,80,08a15d6d-15c5-40af-ad6f-5a0cf375d940,20200924,094620
71,userG_5528,http://127.0.0.1/api/J,2020-09-24 09:46:21.809,65,e4ac3406-9463-4029-b6a3-356854f686d3,20200924,094621
67,userC_fb16,http://127.0.0.1/api/H,2020-09-24 09:46:22.810,57,e2f75e36-405f-4b52-8b8e-545674a3264a,20200924,094622
70,userF_1be3,http://127.0.0.1/api/I,2020-09-24 09:46:23.811,43,76616665-18cf-4224-83d5-cd06e654e5c9,20200924,094623
66,userB_9e6f,http://127.0.0.1/api/I,2020-09-24 09:46:24.812,0,ee7b8a56-feb0-4fe5-a64a-e67ca1eb83dc,20200924,094624
68,userD_ec60,http://127.0.0.1/api/J,2020-09-24 09:46:25.813,84,026a73cb-0051-4e25-b109-67dc8567d40d,20200924,094625
74,userJ_7117,http://127.0.0.1/api/I,2020-09-24 09:46:26.814,76,a4b1e1d8-7041-4867-9d14-f8147a63ebb9,20200924,094626
65,userA_bdba,http://127.0.0.1/api/J,2020-09-24 09:46:27.815,17,a310ebcb-0885-4f6e-bce4-f87595e4db82,20200924,094627
71,userG_ca77,http://127.0.0.1/api/I,2020-09-24 09:46:28.816,74,d4026854-8073-4d0e-8d23-0bba59afdef6,20200924,094628
66,userB_576a,http://127.0.0.1/api/J,2020-09-24 09:46:29.817,84,6bf2c0cc-2de8-4f7b-bd21-58ccde591a40,20200924,094629
67,userC_3d7d,http://127.0.0.1/api/K,2020-09-24 09:46:30.818,93,36ad2d3a-f413-4d30-a92a-742251e7ca60,20200924,094630
68,userD_699c,http://127.0.0.1/api/H,2020-09-24 09:46:31.820,69,c2c759ad-bc8b-41b2-a9f0-12076210527c,20200924,094631
71,userG_19ff,http://127.0.0.1/api/I,2020-09-24 09:46:32.821,53,55390f5a-d3d5-4c38-b20d-65dd408aa6ef,20200924,094632
66,userB_f5da,http://127.0.0.1/api/H,2020-09-24 09:46:33.822,45,49980abe-317c-46b1-b69a-db74448b32ea,20200924,094633
72,userH_8161,http://127.0.0.1/api/I,2020-09-24 09:46:34.823,31,9b71ae70-d3b7-43ae-a5d1-5c5f115741b9,20200924,094634
71,userG_9f82,http://127.0.0.1/api/J,2020-09-24 09:46:35.825,6,82c6a32e-3892-4f37-9d26-750a0667d4b2,20200924,094635
72,userH_6f28,http://127.0.0.1/api/H,2020-09-24 09:46:36.826,65,d999d537-6274-4d41-91ab-a043c52037b3,20200924,094636
68,userD_16cc,http://127.0.0.1/api/I,2020-09-24 09:46:37.827,40,4a668647-3193-443e-b42d-d25ccf035db2,20200924,094637
71,userG_d7a0,http://127.0.0.1/api/I,2020-09-24 09:46:38.828,6,f2f335e1-9629-4158-8fae-9ce481282fa9,20200924,094638
66,userB_9e6b,http://127.0.0.1/api/J,2020-09-24 09:46:39.829,80,0c5832cc-507c-44e7-85a0-800bf88536a1,20200924,094639
72,userH_16bd,http://127.0.0.1/api/H,2020-09-24 09:46:40.830,84,992f2401-76ff-4062-9944-8c06cc9c172b,20200924,094640
73,userI_7a4d,http://127.0.0.1/api/I,2020-09-24 09:46:41.832,59,e4fcb237-1c07-4273-bc43-efacb16c236e,20200924,094641
66,userB_6055,http://127.0.0.1/api/K,2020-09-24 09:46:42.833,95,2f72d7c2-2ac0-4bdf-a34e-39acaaa8fbcd,20200924,094642
68,userD_2d08,http://127.0.0.1/api/H,2020-09-24 09:46:43.833,43,d3fb1847-95a8-4b62-95b6-c1c0ae00e294,20200924,094643
70,userF_d981,http://127.0.0.1/api/I,2020-09-24 09:46:44.835,46,25ed5b3f-7fdc-4fef-a429-19cd4437b435,20200924,094644
65,userA_0500,http://127.0.0.1/api/I,2020-09-24 09:46:45.836,2,d9c5db48-d604-411e-b6c2-62441f8f78b5,20200924,094645
72,userH_0d3c,http://127.0.0.1/api/J,2020-09-24 09:46:46.838,32,818190bc-09a2-495c-9536-e3f68e2190f6,20200924,094646
70,userF_9d15,http://127.0.0.1/api/I,2020-09-24 09:46:47.839,99,6e7d70f8-cc42-4f91-b009-fc9e914d8a30,20200924,094647
69,userE_4494,http://127.0.0.1/api/J,2020-09-24 09:46:48.839,64,80728adc-63d1-49fd-86ee-f68ab2294215,20200924,094648
65,userA_dc0a,http://127.0.0.1/api/I,2020-09-24 09:46:49.840,21,711273a1-af7c-44d2-b40d-e09d406b5e03,20200924,094649
74,userJ_75ed,http://127.0.0.1/api/K,2020-09-24 09:46:50.840,31,b99cdbad-62be-458d-9954-937d7726bfbc,20200924,094650
72,userH_d522,http://127.0.0.1/api/I,2020-09-24 09:46:51.840,78,0bfa52e2-72ed-4042-aa42-f2a0a1ed54ea,20200924,094651
71,userG_49ee,http://127.0.0.1/api/H,2020-09-24 09:46:52.841,27,5f56726b-923c-4b73-baa4-9f162e38bee3,20200924,094652
74,userJ_caf8,http://127.0.0.1/api/I,2020-09-24 09:46:53.842,75,90a9c329-7eb5-4cf9-a67d-6a5de7e8eaf2,20200924,094653
74,userJ_dc59,http://127.0.0.1/api/K,2020-09-24 09:46:54.842,33,10fc5293-5bb5-4501-9e87-5a7a929bdf02,20200924,094654
69,userE_19a3,http://127.0.0.1/api/H,2020-09-24 09:46:55.843,7,8ed3ade9-d8ae-435d-b8b2-da82c87d3106,20200924,094655
72,userH_7c39,http://127.0.0.1/api/H,2020-09-24 09:46:56.844,73,fbede3c1-0e71-4183-a59f-5d4e690328e1,20200924,094656
68,userD_0af9,http://127.0.0.1/api/I,2020-09-24 09:46:57.845,1,f9780fc6-9f95-4483-9f2f-0192c96eb0fd,20200924,094657
72,userH_ca3e,http://127.0.0.1/api/H,2020-09-24 09:46:58.846,3,f47e265e-b7bd-415c-9771-7e3e126567c8,20200924,094658
67,userC_c983,http://127.0.0.1/api/I,2020-09-24 09:46:59.847,26,6e621d43-6308-4ceb-90ec-236ff891bbf0,20200924,094659
70,userF_580e,http://127.0.0.1/api/K,2020-09-24 09:47:00.847,56,2b66519b-587c-409a-95f9-620f548a7427,20200924,094700
66,userB_d720,http://127.0.0.1/api/K,2020-09-24 09:47:01.849,68,12bd6d5b-c180-42da-95cc-b17626624c86,20200924,094701
68,userD_f252,http://127.0.0.1/api/K,2020-09-24 09:47:02.850,79,91eb08a4-43c9-4d33-b9dd-deb678c89a34,20200924,094702
65,userA_60b7,http://127.0.0.1/api/J,2020-09-24 09:47:03.850,91,5c92c2ba-8de4-46ea-ae09-c2a36faeaeb1,20200924,094703
72,userH_4a1e,http://127.0.0.1/api/J,2020-09-24 09:47:04.850,56,7da5cf06-6ccc-487b-94f4-6af3d98e8e84,20200924,094704
65,userA_adbb,http://127.0.0.1/api/H,2020-09-24 09:47:05.850,4,de7acc6e-191b-4a57-852a-0904adf2463f,20200924,094705
65,userA_60e9,http://127.0.0.1/api/K,2020-09-24 09:47:06.852,33,e2008356-25a1-4705-9306-460728142262,20200924,094706
69,userE_e06d,http://127.0.0.1/api/J,2020-09-24 09:47:07.853,64,ca5a0754-ae1c-450a-8797-204b2c68d5c8,20200924,094707
74,userJ_0f9d,http://127.0.0.1/api/K,2020-09-24 09:47:08.855,51,b0fe1c7b-c69c-4e4e-b767-5a3ee60627c1,20200924,094708
74,userJ_b5b5,http://127.0.0.1/api/J,2020-09-24 09:47:09.856,44,6221abd6-8a1a-479a-8867-3335f6bf4567,20200924,094709
65,userA_0988,http://127.0.0.1/api/J,2020-09-24 09:47:10.857,36,f56cbbc0-9469-4904-9bbb-0b3c73090797,20200924,094710
68,userD_aecd,http://127.0.0.1/api/K,2020-09-24 09:47:11.858,84,d98b2250-6804-4f2d-be02-044a151b3070,20200924,094711
65,userA_2332,http://127.0.0.1/api/J,2020-09-24 09:47:12.859,12,a3a41997-db0a-4013-b35f-c4f66e53f741,20200924,094712
66,userB_b37e,http://127.0.0.1/api/J,2020-09-24 09:47:13.861,23,83c1fceb-87a7-4d83-8f3f-d6d45bddda2c,20200924,094713
72,userH_679f,http://127.0.0.1/api/I,2020-09-24 09:47:14.861,34,a32d06bc-3184-43ab-bd4f-accb4188982a,20200924,094714
71,userG_a2b6,http://127.0.0.1/api/I,2020-09-24 09:47:15.861,0,43f11e1a-e3eb-480a-956b-264cb28dbc05,20200924,094715
73,userI_091d,http://127.0.0.1/api/K,2020-09-24 09:47:16.861,48,e857a670-f644-4c1b-af0e-ffd8263ed099,20200924,094716
70,userF_8335,http://127.0.0.1/api/K,2020-09-24 09:47:17.862,15,31a2caff-5ace-4275-a291-ff2ced7f1b13,20200924,094717
73,userI_bfa5,http://127.0.0.1/api/K,2020-09-24 09:47:18.863,45,28ba0fb8-ff2a-42f6-9224-aa8536672759,20200924,094718
74,userJ_cb24,http://127.0.0.1/api/K,2020-09-24 09:47:19.863,12,493fc9c1-8c81-4796-b282-bbe1d2349251,20200924,094719
74,userJ_8c7c,http://127.0.0.1/api/H,2020-09-24 09:47:20.863,60,f32fc80b-6523-43f0-aa55-5b548bba9c55,20200924,094720
69,userE_2810,http://127.0.0.1/api/H,2020-09-24 09:47:21.864,78,64580ba8-e07e-46e0-a730-a67da759d662,20200924,094721
74,userJ_578e,http://127.0.0.1/api/J,2020-09-24 09:47:22.865,53,5431f866-43cf-471a-89e8-e28bea6dfcb8,20200924,094722
73,userI_0fd2,http://127.0.0.1/api/I,2020-09-24 09:47:23.867,73,db17c474-f42f-446c-a69e-e67bcc9d95a5,20200924,094723
71,userG_b283,http://127.0.0.1/api/J,2020-09-24 09:47:24.868,76,be774695-41eb-4340-8dfe-5fdda0000d9f,20200924,094724
74,userJ_7eca,http://127.0.0.1/api/J,2020-09-24 09:47:25.870,17,7bec7639-c8f5-4f04-abf8-9df8bc2ff331,20200924,094725
73,userI_3976,http://127.0.0.1/api/J,2020-09-24 09:47:26.870,21,a65fc350-eead-4aeb-ba13-6c9173490159,20200924,094726
67,userC_186f,http://127.0.0.1/api/K,2020-09-24 09:47:27.872,94,1dd830ed-2f12-4bae-994f-3d417b417837,20200924,094727
70,userF_4369,http://127.0.0.1/api/J,2020-09-24 09:47:28.873,25,96ec1fe6-a689-4b71-808e-c149dd6c4771,20200924,094728
70,userF_75b5,http://127.0.0.1/api/K,2020-09-24 09:47:29.874,34,a7b7ed7d-cf81-4bc8-80dc-404c5cd4a2c2,20200924,094729
69,userE_44ec,http://127.0.0.1/api/J,2020-09-24 09:47:30.875,2,4cd484fe-35bf-44dd-9919-f63e13680f94,20200924,094730
74,userJ_f2e0,http://127.0.0.1/api/K,2020-09-24 09:47:31.876,13,c324ef3f-ec86-49c0-a9ae-1fbe12ea56b1,20200924,094731
72,userH_0429,http://127.0.0.1/api/J,2020-09-24 09:47:32.876,25,1889b0d9-8ecc-4b8b-8a92-178d39a05f84,20200924,094732
73,userI_c2fc,http://127.0.0.1/api/K,2020-09-24 09:47:33.877,66,6e242939-0bae-444a-b23b-e3385e731eb2,20200924,094733
74,userJ_239b,http://127.0.0.1/api/J,2020-09-24 09:47:34.879,77,28ff3c4b-f5f3-4992-8604-14f8f781e5cf,20200924,094734
67,userC_8e9a,http://127.0.0.1/api/J,2020-09-24 09:47:35.880,43,f06852eb-ed8c-4bde-b8c9-0896ede9ffa6,20200924,094735
65,userA_bfcc,http://127.0.0.1/api/H,2020-09-24 09:47:36.880,42,e620643f-a1dc-4a85-8aac-0ffa0db96876,20200924,094736
74,userJ_f5f6,http://127.0.0.1/api/J,2020-09-24 09:47:37.880,0,99673a16-58e3-4d5c-981a-a7d39defdfdc,20200924,094737
70,userF_1a7b,http://127.0.0.1/api/K,2020-09-24 09:47:38.881,74,189dee51-466d-4c8d-85ce-24840b57ae66,20200924,094738
67,userC_2392,http://127.0.0.1/api/J,2020-09-24 09:47:39.881,47,ede41ad9-296a-43ce-a9fa-acfddbfbefb4,20200924,094739
65,userA_3033,http://127.0.0.1/api/J,2020-09-24 09:47:40.881,51,f97aad46-865c-4b01-a12e-54e7907e1887,20200924,094740
74,userJ_8d1f,http://127.0.0.1/api/K,2020-09-24 09:47:41.881,20,89a0012b-00b3-4cae-8339-217069faa481,20200924,094741
67,userC_efcc,http://127.0.0.1/api/K,2020-09-24 09:47:42.882,68,89c02510-e162-44f9-80c1-5a9ba746e1a1,20200924,094742
72,userH_b9bc,http://127.0.0.1/api/J,2020-09-24 09:47:43.882,41,99903b7b-bd15-4d30-96c5-b4c6713675e7,20200924,094743
72,userH_8301,http://127.0.0.1/api/J,2020-09-24 09:47:44.882,45,ddc8631b-c316-4081-96d6-535219bddd39,20200924,094744
69,userE_41c2,http://127.0.0.1/api/I,2020-09-24 09:47:45.883,73,329befc9-e66d-40f7-a9c0-ba0fb1e1a043,20200924,094745
70,userF_c6aa,http://127.0.0.1/api/I,2020-09-24 09:47:46.883,31,1125da9c-c100-4934-abed-da9325b51719,20200924,094746
68,userD_ba4a,http://127.0.0.1/api/J,2020-09-24 09:47:47.885,68,8034322f-1278-4e94-8148-dc6659d3bdee,20200924,094747
68,userD_fec8,http://127.0.0.1/api/J,2020-09-24 09:47:48.885,71,b6a5bae9-0774-4aac-b62f-ff9bd85cac72,20200924,094748
69,userE_f9a6,http://127.0.0.1/api/J,2020-09-24 09:47:49.886,24,8a4984b8-fc6e-4219-ad6a-898dea33e63b,20200924,094749
68,userD_e01e,http://127.0.0.1/api/J,2020-09-24 09:47:50.886,79,0d03ee09-7cfa-4190-909e-838a6f165b91,20200924,094750
69,userE_32f7,http://127.0.0.1/api/J,2020-09-24 09:47:51.887,71,5fcf9fe7-5be6-4e70-a753-bf68620466bf,20200924,094751
70,userF_ef9c,http://127.0.0.1/api/H,2020-09-24 09:47:52.888,66,38196c39-a070-44ad-a333-2231bd415a36,20200924,094752
68,userD_957c,http://127.0.0.1/api/J,2020-09-24 09:47:53.890,94,92b9526d-5468-4e4d-814c-70d9e12f3377,20200924,094753
66,userB_0dad,http://127.0.0.1/api/I,2020-09-24 09:47:54.890,6,e452c641-339c-4aa9-a5b4-04d41d1c2424,20200924,094754
66,userB_4043,http://127.0.0.1/api/H,2020-09-24 09:47:55.892,35,67d80187-4f3d-4b19-b7c5-27681a2fe683,20200924,094755
69,userE_13b8,http://127.0.0.1/api/I,2020-09-24 09:47:56.892,83,0aedd27d-4fed-40e8-932f-78015acb7dd2,20200924,094756
66,userB_d83a,http://127.0.0.1/api/K,2020-09-24 09:47:57.892,30,d96576b5-775c-4951-8d34-150d4f67a3ac,20200924,094757
73,userI_df07,http://127.0.0.1/api/J,2020-09-24 09:47:58.893,79,0421a11b-741f-4d5a-884a-16d2943cb3cb,20200924,094758
73,userI_aa59,http://127.0.0.1/api/J,2020-09-24 09:47:59.893,83,4b5db3ce-d9ca-4129-ac30-79b64a66f5f2,20200924,094759
68,userD_35e4,http://127.0.0.1/api/I,2020-09-24 09:48:00.894,37,1bab1054-1bd0-41e5-9769-bec536f2c005,20200924,094800
68,userD_c3fe,http://127.0.0.1/api/I,2020-09-24 09:48:01.894,41,af77fd13-acde-4ee0-b3f6-c13611e93bba,20200924,094801
66,userB_a477,http://127.0.0.1/api/J,2020-09-24 09:48:02.896,77,aed77e78-1360-406f-9605-7a7c112aae7f,20200924,094802
70,userF_4549,http://127.0.0.1/api/K,2020-09-24 09:48:03.896,27,90c986bc-31b0-4578-aaec-4ed7dc80c1a1,20200924,094803
67,userC_5c33,http://127.0.0.1/api/H,2020-09-24 09:48:04.896,93,280d0a2c-5837-4c3a-8f7b-6ec6a622b4d6,20200924,094804
70,userF_1687,http://127.0.0.1/api/K,2020-09-24 09:48:05.897,23,d02edb98-7988-44d3-93aa-c146a8a165f9,20200924,094805
66,userB_058a,http://127.0.0.1/api/K,2020-09-24 09:48:06.897,46,c9d6dd59-6f79-4e71-b344-547084e87e12,20200924,094806
68,userD_e674,http://127.0.0.1/api/I,2020-09-24 09:48:07.897,94,a9e39e65-909b-4dd7-822d-fac0534cff54,20200924,094807
70,userF_ade3,http://127.0.0.1/api/I,2020-09-24 09:48:08.898,5,8e25c35f-d1f0-438d-ac27-e81cb59593c7,20200924,094808
73,userI_ba76,http://127.0.0.1/api/I,2020-09-24 09:48:09.899,87,9521ea0f-44d5-4ba2-9a53-26a50d89d331,20200924,094809
70,userF_0bea,http://127.0.0.1/api/I,2020-09-24 09:48:10.899,53,1df578ca-5638-4f6c-ab28-7da2a6a1cc97,20200924,094810
72,userH_e1d5,http://127.0.0.1/api/K,2020-09-24 09:48:11.899,1,9d28d52b-2c30-41a8-8fbf-c08adbec54f0,20200924,094811
67,userC_83f9,http://127.0.0.1/api/I,2020-09-24 09:48:12.900,11,abbc4cf5-fa28-468f-809c-794c7aa1fc70,20200924,094812
65,userA_2f3a,http://127.0.0.1/api/K,2020-09-24 09:48:13.900,23,b12c9900-3f69-4899-a914-9f571f131c57,20200924,094813
67,userC_4e23,http://127.0.0.1/api/K,2020-09-24 09:48:14.901,66,43984bcb-0aeb-41e7-b70f-14dab1488559,20200924,094814
69,userE_f22e,http://127.0.0.1/api/I,2020-09-24 09:48:15.901,14,a9d19940-80b3-43c8-9635-b85f53d9220e,20200924,094815
66,userB_8cd1,http://127.0.0.1/api/K,2020-09-24 09:48:16.903,42,5a317c47-7123-4473-82e6-28b5a5c22c44,20200924,094816
73,userI_66ef,http://127.0.0.1/api/J,2020-09-24 09:48:17.903,54,f55ec002-38be-49a3-8465-2a1eb259ee67,20200924,094817
71,userG_8c68,http://127.0.0.1/api/J,2020-09-24 09:48:18.903,19,05fcfb22-ec7c-40a3-bead-c59964aa624c,20200924,094818
74,userJ_bb48,http://127.0.0.1/api/H,2020-09-24 09:48:19.905,74,27239d00-3e59-4455-8e41-35995fe4f095,20200924,094819
71,userG_c3a3,http://127.0.0.1/api/J,2020-09-24 09:48:20.905,47,9a879e14-1f36-417e-8baf-e9f1d52866e3,20200924,094820
71,userG_ffb3,http://127.0.0.1/api/K,2020-09-24 09:48:21.905,51,71a8ba31-5fca-4ad2-950d-3041da2b1b89,20200924,094821
70,userF_28d1,http://127.0.0.1/api/I,2020-09-24 09:48:22.906,10,0271a69e-fff7-4af9-8c06-4a5f60faf011,20200924,094822
66,userB_1198,http://127.0.0.1/api/J,2020-09-24 09:48:23.907,85,d453beff-7937-4637-8f24-d6b977d0646a,20200924,094823
70,userF_179e,http://127.0.0.1/api/J,2020-09-24 09:48:24.908,51,641a98c8-0537-473b-af8a-583429a2d69b,20200924,094824
69,userE_6788,http://127.0.0.1/api/I,2020-09-24 09:48:25.908,8,6e0afa62-5001-498c-ad71-4488aba13b78,20200924,094825
67,userC_ebf8,http://127.0.0.1/api/H,2020-09-24 09:48:26.909,37,cd8b0848-82c4-4780-84ac-b50c2ca1e64f,20200924,094826
70,userF_2d86,http://127.0.0.1/api/I,2020-09-24 09:48:27.910,85,42b44901-3ef2-4b2f-a89b-7c30c9b49e5a,20200924,094827
65,userA_1fc7,http://127.0.0.1/api/H,2020-09-24 09:48:28.910,6,6ef47a03-b63c-44cb-b23e-c02be37a7221,20200924,094828
65,userA_83a4,http://127.0.0.1/api/H,2020-09-24 09:48:29.910,62,dfe8f7a0-55af-4746-9a82-24a9e6074c28,20200924,094829
74,userJ_6d0c,http://127.0.0.1/api/I,2020-09-24 09:48:30.910,30,b8f97c0d-e950-4a96-a5cb-409e2604efe7,20200924,094830
67,userC_0cf1,http://127.0.0.1/api/J,2020-09-24 09:48:31.911,5,40e4cfef-eac4-40fe-9bd4-308c0865048c,20200924,094831
74,userJ_0937,http://127.0.0.1/api/I,2020-09-24 09:48:32.911,26,80b577d7-b10d-4e4e-9e02-2fca497e163c,20200924,094832
74,userJ_716e,http://127.0.0.1/api/H,2020-09-24 09:48:33.912,19,5e88e91a-aa66-4b22-a46f-cdce5aeaa3ba,20200924,094833
67,userC_5f7e,http://127.0.0.1/api/I,2020-09-24 09:48:34.913,3,0f98eeb0-f948-4e25-97fd-7c42a1fa28ba,20200924,094834
68,userD_9e4f,http://127.0.0.1/api/I,2020-09-24 09:48:35.914,59,023d46da-50ad-4113-9386-4a3c73e3dabe,20200924,094835
66,userB_b8eb,http://127.0.0.1/api/H,2020-09-24 09:48:36.914,26,73ff1c24-8905-4872-b4d6-5070544ecaec,20200924,094836
69,userE_d531,http://127.0.0.1/api/J,2020-09-24 09:48:37.914,74,a9c00809-c7f1-41a6-9fba-9ef535332b73,20200924,094837
70,userF_5a86,http://127.0.0.1/api/K,2020-09-24 09:48:38.915,16,6397866d-3f8d-4f76-869b-ceea1ed8839a,20200924,094838
65,userA_0a9d,http://127.0.0.1/api/K,2020-09-24 09:48:39.916,72,25eafb18-6719-4d92-8dae-49a4dbbeb399,20200924,094839
72,userH_78c4,http://127.0.0.1/api/K,2020-09-24 09:48:40.916,38,247de3b5-ffb3-4dd4-8dc3-543b6dc503ed,20200924,094840
68,userD_923b,http://127.0.0.1/api/K,2020-09-24 09:48:41.917,47,73eb4eeb-4866-422f-8603-7449b12c367f,20200924,094841
71,userG_89e3,http://127.0.0.1/api/H,2020-09-24 09:48:42.918,47,51cd1441-f3d9-4c6a-90bb-2e866448a68b,20200924,094842
72,userH_f45e,http://127.0.0.1/api/H,2020-09-24 09:48:43.919,87,0375f7a8-3ebd-453b-9435-e57b133a51f4,20200924,094843
72,userH_d313,http://127.0.0.1/api/K,2020-09-24 09:48:44.920,80,5639c16f-5849-43a8-95f3-d46c0cc5fe69,20200924,094844
69,userE_7349,http://127.0.0.1/api/K,2020-09-24 09:48:45.920,46,14617c4f-db44-4f83-8ae8-7c7345d3e38b,20200924,094845
72,userH_ae66,http://127.0.0.1/api/K,2020-09-24 09:48:46.921,76,a7848430-ccf8-4c83-ba5f-09a96a974e97,20200924,094846
72,userH_96bc,http://127.0.0.1/api/K,2020-09-24 09:48:47.922,45,07f695cf-68af-4910-9949-d0a2878c7cf3,20200924,094847
70,userF_4bd5,http://127.0.0.1/api/J,2020-09-24 09:48:48.923,11,9ea81da3-683c-4409-ab1c-f04ae2ab0b25,20200924,094848
67,userC_f0d0,http://127.0.0.1/api/J,2020-09-24 09:48:49.923,29,cfa44240-3e06-4f8b-961c-035fb13ec429,20200924,094849
73,userI_f97a,http://127.0.0.1/api/J,2020-09-24 09:48:50.924,33,2368f67d-8727-4a32-84a9-635986e47ad9,20200924,094850
70,userF_239a,http://127.0.0.1/api/J,2020-09-24 09:48:51.924,99,3c9c9f5a-2b81-4e13-ae5b-fe4a0134184b,20200924,094851
73,userI_6791,http://127.0.0.1/api/K,2020-09-24 09:48:52.924,1,ed9b81b0-c448-48bf-a467-151bec4e9c41,20200924,094852
68,userD_fa99,http://127.0.0.1/api/I,2020-09-24 09:48:53.925,85,17a3ab3d-5f06-4a4d-bc6b-315fb280d7d9,20200924,094853
69,userE_c4a2,http://127.0.0.1/api/H,2020-09-24 09:48:54.926,40,ff88ca55-31d0-455c-8c5e-7f47449312af,20200924,094854
74,userJ_ab0f,http://127.0.0.1/api/I,2020-09-24 09:48:55.926,56,26b2c656-8ccb-4b17-b775-f554a74a311e,20200924,094855
66,userB_ccb9,http://127.0.0.1/api/K,2020-09-24 09:48:56.926,4,a61d2282-d2f6-4109-a414-58491cd9cf36,20200924,094856
70,userF_e7c5,http://127.0.0.1/api/H,2020-09-24 09:48:57.927,42,f102a0f2-0794-4bb9-87e6-0039a5dcbd35,20200924,094857
65,userA_d0bb,http://127.0.0.1/api/H,2020-09-24 09:48:58.928,99,9bf51b89-a897-4b4c-9c1f-30c671ec42f5,20200924,094858
70,userF_05b2,http://127.0.0.1/api/K,2020-09-24 09:48:59.929,27,89f85e54-8624-4625-9309-7357af89bed5,20200924,094859
70,userF_6520,http://127.0.0.1/api/K,2020-09-24 09:49:00.929,31,3663d939-6d5a-48ac-b5b8-c42875cf48ae,20200924,094900
67,userC_6574,http://127.0.0.1/api/J,2020-09-24 09:49:01.929,4,299712d4-456a-4f70-890d-4abff5291cd4,20200924,094901
71,userG_b38d,http://127.0.0.1/api/K,2020-09-24 09:49:02.930,52,d823fcd0-30a4-41cb-9e38-5f2bc8424abb,20200924,094902
74,userJ_d073,http://127.0.0.1/api/I,2020-09-24 09:49:03.930,10,261a4fc8-e7be-41ca-b6f1-edde1a01c08f,20200924,094903
74,userJ_b1b9,http://127.0.0.1/api/I,2020-09-24 09:49:04.930,14,69143741-a4ce-4499-9552-492c174144a0,20200924,094904
67,userC_55cb,http://127.0.0.1/api/I,2020-09-24 09:49:05.931,6,50b6320e-f66a-4ebf-8020-72c8c2b667c4,20200924,094905
73,userI_2c9c,http://127.0.0.1/api/K,2020-09-24 09:49:06.932,7,f22b4776-a315-4731-ae6c-7f3f4ccf8c3e,20200924,094906
70,userF_1b02,http://127.0.0.1/api/J,2020-09-24 09:49:07.933,83,7f09dd8c-90e1-4cfe-bcfc-eae8d5d0e9e4,20200924,094907
74,userJ_0b95,http://127.0.0.1/api/J,2020-09-24 09:49:08.934,85,3a631240-6357-4d1b-9f04-a37e2f4b1ce4,20200924,094908
74,userJ_7a1e,http://127.0.0.1/api/J,2020-09-24 09:49:09.935,24,19fd6aa0-947a-4e21-8a90-5f152403f880,20200924,094909
74,userJ_d8c5,http://127.0.0.1/api/J,2020-09-24 09:49:10.935,80,77433df5-cdfc-40fe-8e99-9298c1a63a70,20200924,094910
70,userF_3d64,http://127.0.0.1/api/I,2020-09-24 09:49:11.936,40,7304d422-8e8d-4e04-ae84-de6fde31662e,20200924,094911
73,userI_6630,http://127.0.0.1/api/H,2020-09-24 09:49:12.937,22,72d7e03d-8d51-41bc-a7a0-b08bcaa58668,20200924,094912
74,userJ_b402,http://127.0.0.1/api/I,2020-09-24 09:49:13.938,80,4af42f9a-0408-4df7-9a5e-b1599e80b421,20200924,094913
67,userC_d5b7,http://127.0.0.1/api/J,2020-09-24 09:49:14.938,82,498e2da5-1b3c-4d6d-b61b-c62dffe325f9,20200924,094914
70,userF_8836,http://127.0.0.1/api/H,2020-09-24 09:49:15.939,66,22895366-6d03-4e17-a731-76274d71ac05,20200924,094915
68,userD_08fe,http://127.0.0.1/api/J,2020-09-24 09:49:16.939,77,fc050836-6c96-419a-9d66-f5add398f3cf,20200924,094916
73,userI_fbc9,http://127.0.0.1/api/H,2020-09-24 09:49:17.940,88,8fb494f9-1bf1-43da-882e-889cc1827283,20200924,094917
71,userG_05bd,http://127.0.0.1/api/K,2020-09-24 09:49:18.941,55,b94f2a76-993d-4250-bc22-d8a37b532e75,20200924,094918
71,userG_a432,http://127.0.0.1/api/K,2020-09-24 09:49:19.942,23,16745f96-3214-4356-94a7-a35fa7cf8204,20200924,094919
74,userJ_ed25,http://127.0.0.1/api/J,2020-09-24 09:49:20.943,53,1800fe56-7584-4fbf-bea3-1f06141823c2,20200924,094920
71,userG_5470,http://127.0.0.1/api/K,2020-09-24 09:49:21.943,19,a53bb13c-2fc2-4fee-80aa-b8cf5915854e,20200924,094921
71,userG_d0be,http://127.0.0.1/api/J,2020-09-24 09:49:22.944,12,8462a54c-b4dd-4ab1-be13-140259b69a80,20200924,094922
72,userH_5f1e,http://127.0.0.1/api/J,2020-09-24 09:49:23.945,4,866efe1d-e05d-4e83-82ac-30874d3a7a81,20200924,094923
65,userA_ad81,http://127.0.0.1/api/J,2020-09-24 09:49:24.946,52,e386e95b-5387-450b-b63a-dacbfa4db5b2,20200924,094924
70,userF_6ea8,http://127.0.0.1/api/K,2020-09-24 09:49:25.947,62,01c1ce60-99c9-410b-aed4-c134b26077b8,20200924,094925
68,userD_e15f,http://127.0.0.1/api/K,2020-09-24 09:49:26.947,27,a8bdd19f-1ee0-46b8-952b-db7a8703cb5c,20200924,094926
73,userI_7040,http://127.0.0.1/api/K,2020-09-24 09:49:27.948,84,48f28d2c-77c8-4c44-8d34-cb0ab17dd9de,20200924,094927
68,userD_cacd,http://127.0.0.1/api/H,2020-09-24 09:49:28.950,17,f858b875-6096-4d1f-8cd6-4b8b6c803004,20200924,094928
70,userF_3838,http://127.0.0.1/api/J,2020-09-24 09:49:29.950,65,404ebb41-e3b9-46f6-9a71-a5191e21a852,20200924,094929
68,userD_cd20,http://127.0.0.1/api/J,2020-09-24 09:49:30.950,85,5f18ee18-f155-4944-b172-919f88600c21,20200924,094930
71,userG_e05e,http://127.0.0.1/api/J,2020-09-24 09:49:31.951,15,50910b57-7e50-448d-a534-ccd7a7ed6fd9,20200924,094931
71,userG_b074,http://127.0.0.1/api/I,2020-09-24 09:49:32.952,69,e97e471c-2dbe-4d01-bbd4-f983ed0a129f,20200924,094932
69,userE_8602,http://127.0.0.1/api/I,2020-09-24 09:49:33.952,73,82aaedf8-1196-4a3b-b872-66443b90c8b2,20200924,094933
71,userG_0ec5,http://127.0.0.1/api/I,2020-09-24 09:49:34.953,65,9870be7a-142a-42f5-b3bd-36c2af1ac40d,20200924,094934
71,userG_ee1e,http://127.0.0.1/api/I,2020-09-24 09:49:35.953,69,02423da7-092c-4822-a4bf-529b69849540,20200924,094935
72,userH_a173,http://127.0.0.1/api/J,2020-09-24 09:49:36.954,82,81704cfe-2277-42be-9ba8-4c9dc41c3881,20200924,094936
71,userG_409f,http://127.0.0.1/api/J,2020-09-24 09:49:37.954,86,9ce0075c-0307-45cc-a704-44c8b68feca4,20200924,094937
74,userJ_ce33,http://127.0.0.1/api/J,2020-09-24 09:49:38.955,77,1fd52115-6996-4896-abf6-c8e240cbc156,20200924,094938
70,userF_4fe4,http://127.0.0.1/api/H,2020-09-24 09:49:39.956,26,9be6c8d8-bedf-4272-bef7-64944a7b217e,20200924,094939
67,userC_faa3,http://127.0.0.1/api/K,2020-09-24 09:49:40.957,55,1992c747-cd68-401c-8f63-8b33adfe8122,20200924,094940
71,userG_3aa1,http://127.0.0.1/api/K,2020-09-24 09:49:41.958,56,c437e612-93a7-4e1a-bb2d-aa45bc939a43,20200924,094941
72,userH_86ee,http://127.0.0.1/api/K,2020-09-24 09:49:42.959,96,56e1d947-c92e-4c79-b24f-af1684b09e78,20200924,094942
72,userH_30cd,http://127.0.0.1/api/K,2020-09-24 09:49:43.959,52,2b354d0e-664b-4580-97d7-e3d2d50c1915,20200924,094943
67,userC_1575,http://127.0.0.1/api/J,2020-09-24 09:49:44.960,12,c853a3fe-9622-4b85-98d4-684e3c3bbef0,20200924,094944
71,userG_9de3,http://127.0.0.1/api/I,2020-09-24 09:49:45.961,42,178ee9d2-c62a-4b66-9039-9ec111270bb5,20200924,094945
71,userG_e161,http://127.0.0.1/api/J,2020-09-24 09:49:46.962,52,d7b2df1f-7070-41bb-b666-7c62203f17e0,20200924,094946
71,userG_7177,http://127.0.0.1/api/J,2020-09-24 09:49:47.962,43,b1cf9a1d-1890-421c-a534-096d021fcd7f,20200924,094947
74,userJ_0d20,http://127.0.0.1/api/K,2020-09-24 09:49:48.963,27,e4be4478-b9ad-483d-b905-870c723c07b0,20200924,094948
69,userE_7e8c,http://127.0.0.1/api/K,2020-09-24 09:49:49.964,84,2419694b-f066-432b-a896-fa3d0077d0ad,20200924,094949
67,userC_7513,http://127.0.0.1/api/K,2020-09-24 09:49:50.964,49,3bdbe48c-b049-4b9b-8e2a-db6b36e0e494,20200924,094950
69,userE_3696,http://127.0.0.1/api/K,2020-09-24 09:49:51.973,69,7f5319f8-ea7f-4baf-a9a1-6a0f0a09ed63,20200924,094951
66,userB_450d,http://127.0.0.1/api/I,2020-09-24 09:49:52.974,39,9eb7823c-bfd2-435f-a387-5e23dc9c00d7,20200924,094952
72,userH_9441,http://127.0.0.1/api/J,2020-09-24 09:49:53.975,68,edcf4100-6bdc-4829-a086-f2c89e25d1aa,20200924,094953
72,userH_a1f2,http://127.0.0.1/api/H,2020-09-24 09:49:54.975,25,baa9c86d-afb8-49f7-807d-33f23ae404d7,20200924,094954
67,userC_dcee,http://127.0.0.1/api/H,2020-09-24 09:49:55.976,82,1e0fd3f4-15df-4adf-a4c7-17bb72b57853,20200924,094955
70,userF_e0bf,http://127.0.0.1/api/I,2020-09-24 09:49:56.977,66,0e1ba92a-d8c8-4b53-b996-172ea7954409,20200924,094956
66,userB_6441,http://127.0.0.1/api/H,2020-09-24 09:49:57.978,58,b89cea77-c19c-45c6-bb5a-43da5d2d9627,20200924,094957
71,userG_1ff5,http://127.0.0.1/api/I,2020-09-24 09:49:58.979,96,99518305-6ac0-4c0a-870f-d0d8a0ab45bf,20200924,094958
65,userA_ead3,http://127.0.0.1/api/I,2020-09-24 09:49:59.980,1,57ab2f04-3d7d-4690-a3b4-960ab01aa3cf,20200924,094959
67,userC_5f88,http://127.0.0.1/api/K,2020-09-24 09:50:00.981,87,9c10dce3-3bcf-4ebd-8979-5dca685d718e,20200924,095000
69,userE_c21c,http://127.0.0.1/api/I,2020-09-24 09:50:01.981,35,18293dd4-de87-4194-890d-61bd30d3a38e,20200924,095001
70,userF_6ac3,http://127.0.0.1/api/J,2020-09-24 09:50:02.982,45,e148148f-8482-4f4a-b79f-67e5a6020039,20200924,095002
73,userI_7bec,http://127.0.0.1/api/I,2020-09-24 09:50:03.983,75,9b89aee4-a34f-4f41-822f-caa686f73032,20200924,095003
71,userG_df4e,http://127.0.0.1/api/H,2020-09-24 09:50:04.984,31,7d41b23d-c7ca-4af0-b755-c4a610445604,20200924,095004
71,userG_a3f4,http://127.0.0.1/api/H,2020-09-24 09:50:05.984,35,8aaea726-2a36-4ef5-8ae7-f45c36d71559,20200924,095005
74,userJ_a450,http://127.0.0.1/api/H,2020-09-24 09:50:06.985,27,02cc5ba9-a176-4e01-8d6e-82eb8168c9af,20200924,095006
72,userH_ca6a,http://127.0.0.1/api/H,2020-09-24 09:50:07.985,83,48055b9c-7ff8-4b95-9d20-1e618810eeb5,20200924,095007
73,userI_b378,http://127.0.0.1/api/J,2020-09-24 09:50:08.986,90,8f48c321-b0aa-4be3-aef6-1f1b8e85d486,20200924,095008
66,userB_4de2,http://127.0.0.1/api/I,2020-09-24 09:50:09.987,7,fc3f9b57-9c03-48e1-a99a-f927f47e3d58,20200924,095009
72,userH_26fb,http://127.0.0.1/api/I,2020-09-24 09:50:10.988,64,2aa854f7-ddd2-47fd-abdf-3b01cf537de3,20200924,095010
69,userE_b72b,http://127.0.0.1/api/I,2020-09-24 09:50:11.988,30,6eba001e-3480-4534-afc0-17dc02689c16,20200924,095011
67,userC_7cea,http://127.0.0.1/api/H,2020-09-24 09:50:12.989,96,56671352-830a-40fc-9957-a7627e4aa3da,20200924,095012
70,userF_67af,http://127.0.0.1/api/I,2020-09-24 09:50:13.990,6,4d071f2c-b873-4f9a-be11-4e4d7ed761d5,20200924,095013
67,userC_324a,http://127.0.0.1/api/K,2020-09-24 09:50:14.990,17,b64e2b37-d7f5-49c1-b35b-88b2fbbd945c,20200924,095014
71,userG_73bd,http://127.0.0.1/api/H,2020-09-24 09:50:15.991,3,f7ead717-138b-4324-b95f-34fc89506306,20200924,095015
71,userG_d8ac,http://127.0.0.1/api/K,2020-09-24 09:50:16.992,96,8dfec98a-f28d-46ae-aa85-17afedcabcf7,20200924,095016
72,userH_1f47,http://127.0.0.1/api/I,2020-09-24 09:50:17.992,27,b07e9797-c589-4c9d-8a08-ef64ad9851f4,20200924,095017
68,userD_aba5,http://127.0.0.1/api/K,2020-09-24 09:50:18.993,49,93c0bf51-a6d5-4dbd-ac40-56192e192644,20200924,095018
73,userI_5c5b,http://127.0.0.1/api/I,2020-09-24 09:50:19.994,3,93c38750-ea6c-4381-ade0-771c206b2d2c,20200924,095019
69,userE_002e,http://127.0.0.1/api/J,2020-09-24 09:50:20.995,79,9ea8a72a-04b5-4071-8cce-b982fec66b14,20200924,095020
72,userH_a8f7,http://127.0.0.1/api/J,2020-09-24 09:50:21.996,45,97b27f31-cf4b-42c8-bb55-b64d83ba09f1,20200924,095021
72,userH_083d,http://127.0.0.1/api/J,2020-09-24 09:50:22.996,1,ea316dcf-46b3-4566-8e08-7d5149dd6ca3,20200924,095022
67,userC_52b9,http://127.0.0.1/api/I,2020-09-24 09:50:23.997,78,88c74446-615a-4f79-8e23-328af80dc4cb,20200924,095023
71,userG_4e83,http://127.0.0.1/api/J,2020-09-24 09:50:24.998,26,7edd2dff-6ff8-4ec7-9e36-8a6f16233fa4,20200924,095024
74,userJ_dd89,http://127.0.0.1/api/H,2020-09-24 09:50:25.998,56,d4c84bf6-915f-4178-a608-9e6e4b0a41d8,20200924,095025
70,userF_0b3a,http://127.0.0.1/api/I,2020-09-24 09:50:26.999,32,f9e39f6d-eb44-401a-9082-4e81cb1391ae,20200924,095026
68,userD_17ce,http://127.0.0.1/api/H,2020-09-24 09:50:28.000,35,bc4e7d7c-e0db-4d2a-942d-c2d208bf7141,20200924,095028
65,userA_097f,http://127.0.0.1/api/K,2020-09-24 09:50:29.000,47,9eb31fb6-f51c-4c4d-9e1b-1af82b56749b,20200924,095029
68,userD_46c4,http://127.0.0.1/api/H,2020-09-24 09:50:30.001,83,7ebdf012-0afc-4729-9052-e1fcc0dbdd43,20200924,095030
70,userF_1c2e,http://127.0.0.1/api/J,2020-09-24 09:50:31.001,31,0246083e-f732-45aa-bb2f-f507313724b2,20200924,095031
69,userE_18d7,http://127.0.0.1/api/H,2020-09-24 09:50:32.002,31,30348389-ca94-413c-ab83-2be18be3ae6b,20200924,095032
72,userH_67ac,http://127.0.0.1/api/H,2020-09-24 09:50:33.003,62,a5708b6e-38e4-48ed-8f39-b92d30df9749,20200924,095033
65,userA_7589,http://127.0.0.1/api/I,2020-09-24 09:50:34.004,29,cdc42239-976d-446c-aaeb-c7dbb5686397,20200924,095034
68,userD_3e1c,http://127.0.0.1/api/K,2020-09-24 09:50:35.004,78,ef1fcec9-85b4-4f35-8480-b8c1a99a462a,20200924,095035
71,userG_3526,http://127.0.0.1/api/H,2020-09-24 09:50:36.005,62,da8211a9-8fb0-4d06-83f2-ee1c8034a03e,20200924,095036
68,userD_6e33,http://127.0.0.1/api/K,2020-09-24 09:50:37.005,73,c5d0ce5d-143e-4318-9a82-bb23d07f2370,20200924,095037
70,userF_31f7,http://127.0.0.1/api/K,2020-09-24 09:50:38.006,84,cc7c3d4b-5095-44f5-8c87-efe99bb3f166,20200924,095038
72,userH_803a,http://127.0.0.1/api/I,2020-09-24 09:50:39.006,32,7b0255d1-a01e-40d0-ad5c-0177617ac184,20200924,095039
67,userC_d353,http://127.0.0.1/api/J,2020-09-24 09:50:40.007,69,ed0ac276-5c2d-462f-a9ff-fe94c44e4e1a,20200924,095040
72,userH_8e2d,http://127.0.0.1/api/J,2020-09-24 09:50:41.008,25,56caafa2-5dfb-4f03-bc23-c73670abf214,20200924,095041
74,userJ_280c,http://127.0.0.1/api/H,2020-09-24 09:50:42.009,59,bf4e5507-1a41-4605-a791-3dac9aaa350c,20200924,095042
68,userD_a0df,http://127.0.0.1/api/I,2020-09-24 09:50:43.010,61,3febc333-718b-41ab-a724-fa25736b5646,20200924,095043
73,userI_5b2d,http://127.0.0.1/api/H,2020-09-24 09:50:44.010,82,ac24434b-e76e-41e8-aa04-4dcbb95eb1f5,20200924,095044
68,userD_25e2,http://127.0.0.1/api/I,2020-09-24 09:50:45.011,56,a62d6737-7608-43b7-8e43-b9fd64f0bb55,20200924,095045
68,userD_6699,http://127.0.0.1/api/H,2020-09-24 09:50:46.012,59,ec66ecdb-f45e-488d-af6c-bd64c8013a90,20200924,095046
73,userI_e7bb,http://127.0.0.1/api/I,2020-09-24 09:50:47.013,33,e8ff7a1d-2274-401c-8de2-1fa1f29631fa,20200924,095047
72,userH_da6f,http://127.0.0.1/api/I,2020-09-24 09:50:48.014,99,aa12a143-e4d1-435d-850e-459f72e02d61,20200924,095048
68,userD_6904,http://127.0.0.1/api/I,2020-09-24 09:50:49.015,75,04acc09a-b699-4eb9-a7e4-3f407c6fc3c3,20200924,095049
74,userJ_91a8,http://127.0.0.1/api/H,2020-09-24 09:50:50.016,87,ec0f2ad1-8c56-438a-b6da-aab3ad619026,20200924,095050
65,userA_4a50,http://127.0.0.1/api/H,2020-09-24 09:50:51.017,17,1383710e-b780-401e-8301-07da4e5a5b0d,20200924,095051
74,userJ_1a78,http://127.0.0.1/api/H,2020-09-24 09:50:52.017,83,c2f7f38c-4c79-4d80-abdb-e98df2d843a0,20200924,095052
70,userF_4b51,http://127.0.0.1/api/J,2020-09-24 09:50:53.018,23,23cb4a15-0dc1-41d6-821b-5dc44409af55,20200924,095053
73,userI_8d3c,http://127.0.0.1/api/I,2020-09-24 09:50:54.019,40,eceb67b7-df9c-418a-b560-7effea1cd75f,20200924,095054
66,userB_3f71,http://127.0.0.1/api/I,2020-09-24 09:50:55.020,7,b3a6c264-2d67-43eb-aebd-f11c9013045a,20200924,095055
66,userB_7a7d,http://127.0.0.1/api/I,2020-09-24 09:50:56.020,62,76504af7-b0b0-4b1c-89e3-29a2de0642ae,20200924,095056
71,userG_9511,http://127.0.0.1/api/H,2020-09-24 09:50:57.021,91,546ecdac-fe6b-4972-aa2f-de88ec840052,20200924,095057
71,userG_4367,http://127.0.0.1/api/H,2020-09-24 09:50:58.021,95,89493cfa-ff52-4bea-9f65-0bcd97b5ceb8,20200924,095058
68,userD_6662,http://127.0.0.1/api/K,2020-09-24 09:50:59.022,17,67a4bf14-7d74-45af-8fba-42ac112e762e,20200924,095059
69,userE_0bc6,http://127.0.0.1/api/K,2020-09-24 09:51:00.022,75,777c0d80-0316-4d51-a2d2-b2038130a44a,20200924,095100
74,userJ_c89e,http://127.0.0.1/api/J,2020-09-24 09:51:01.023,3,b64791b4-26f2-4479-bf85-59b0da18e380,20200924,095101
69,userE_5739,http://127.0.0.1/api/J,2020-09-24 09:51:02.024,60,c9649e01-f024-4301-bb26-f92b5b8fe80c,20200924,095102
67,userC_747c,http://127.0.0.1/api/J,2020-09-24 09:51:03.024,25,a3f4374e-7650-4a33-bcd0-f120537b67d3,20200924,095103
69,userE_e685,http://127.0.0.1/api/H,2020-09-24 09:51:04.024,73,9777f1ae-8e83-40fc-9a80-5934a6dff916,20200924,095104
73,userI_b29b,http://127.0.0.1/api/I,2020-09-24 09:51:05.025,59,8b5329dc-25f7-4c3b-8c71-78d3394aaf70,20200924,095105
70,userF_20c0,http://127.0.0.1/api/K,2020-09-24 09:51:06.025,70,0acaee69-ee2c-42f5-bdbe-9dd912975f11,20200924,095106
65,userA_25ae,http://127.0.0.1/api/J,2020-09-24 09:51:07.025,62,c1456b37-7830-478a-9d06-267e2548db44,20200924,095107
71,userG_42fa,http://127.0.0.1/api/H,2020-09-24 09:51:08.026,55,8a9e282f-932c-45e6-84e0-714906c229d9,20200924,095108
68,userD_68c3,http://127.0.0.1/api/I,2020-09-24 09:51:09.026,20,8851b5d5-6f0c-4ed5-afda-bfea14b898d3,20200924,095109
71,userG_18aa,http://127.0.0.1/api/H,2020-09-24 09:51:10.027,50,22662c4e-be9b-4560-b71b-e00d9aea10ee,20200924,095110
69,userE_471d,http://127.0.0.1/api/H,2020-09-24 09:51:11.027,17,a7f943fb-ff50-4380-b73d-147c19facf03,20200924,095111
71,userG_a9bc,http://127.0.0.1/api/J,2020-09-24 09:51:12.027,65,fec9d50b-a268-4581-aa92-4d4b22243f84,20200924,095112
67,userC_383c,http://127.0.0.1/api/K,2020-09-24 09:51:13.028,76,bd27cd72-b22a-4530-b68d-3553e2cb2447,20200924,095113
74,userJ_73c6,http://127.0.0.1/api/J,2020-09-24 09:51:14.028,87,a7ce3bbd-a162-4988-821e-ee912af77781,20200924,095114
70,userF_4fb8,http://127.0.0.1/api/J,2020-09-24 09:51:15.028,10,01e363d9-e69b-40a3-8418-d721fcbb622a,20200924,095115
65,userA_0040,http://127.0.0.1/api/J,2020-09-24 09:51:16.029,20,0832725e-5eef-4439-af5d-291080603101,20200924,095116
66,userB_ba29,http://127.0.0.1/api/K,2020-09-24 09:51:17.030,30,cbe585d8-c842-439b-91da-f3ac2409fed7,20200924,095117
74,userJ_0100,http://127.0.0.1/api/J,2020-09-24 09:51:18.030,41,1c7e05e9-4655-451c-9f9b-03dff2c2a07a,20200924,095118
73,userI_2da1,http://127.0.0.1/api/J,2020-09-24 09:51:19.030,7,b4f9daee-e29b-490c-b7fb-f8da6e8d32f9,20200924,095119
69,userE_4e69,http://127.0.0.1/api/I,2020-09-24 09:51:20.031,73,a11d8653-6c51-4e7b-a821-ba550c311487,20200924,095120
69,userE_921d,http://127.0.0.1/api/H,2020-09-24 09:51:21.031,92,e6c7598b-a01c-456d-8b95-be8d9adb7d94,20200924,095121
74,userJ_fb03,http://127.0.0.1/api/H,2020-09-24 09:51:22.032,49,bc1ea1a0-8cdf-490a-aa11-71aa7124d670,20200924,095122
71,userG_1563,http://127.0.0.1/api/I,2020-09-24 09:51:23.032,64,2f5481a6-9cf8-4ae4-8572-62ba7222dce5,20200924,095123
70,userF_f5da,http://127.0.0.1/api/J,2020-09-24 09:51:24.032,20,fe0bc8cd-41f0-4a21-8618-9ef37c0da45a,20200924,095124
67,userC_8ec0,http://127.0.0.1/api/H,2020-09-24 09:51:25.032,41,1ddbce81-569b-4508-a632-1c58604b6a10,20200924,095125
73,userI_3526,http://127.0.0.1/api/J,2020-09-24 09:51:26.033,16,47711f29-5daa-496a-afd8-d243572b3055,20200924,095126
73,userI_b13a,http://127.0.0.1/api/K,2020-09-24 09:51:27.033,27,d2180cfc-e48b-4d10-aa38-82e486e4b492,20200924,095127
67,userC_94ae,http://127.0.0.1/api/H,2020-09-24 09:51:28.034,75,ecfc86cd-2467-4b99-beb2-e0f60daa802f,20200924,095128
67,userC_cd1a,http://127.0.0.1/api/H,2020-09-24 09:51:29.035,67,768c1a54-ef34-4f44-901c-0992bad95b14,20200924,095129
67,userC_6ab0,http://127.0.0.1/api/H,2020-09-24 09:51:30.035,70,be5f0b18-a963-431f-8c0a-cf6f8ccbcf4b,20200924,095130
65,userA_00ad,http://127.0.0.1/api/I,2020-09-24 09:51:31.035,38,2284c265-adfb-4509-8bb1-fd42dc8b092b,20200924,095131
74,userJ_bccd,http://127.0.0.1/api/J,2020-09-24 09:51:32.036,88,9abea4e5-b793-453e-8a91-473dde5d2a12,20200924,095132
69,userE_0f7d,http://127.0.0.1/api/I,2020-09-24 09:51:33.036,61,3b98621e-65e9-44ed-a26f-380c0ed574d9,20200924,095133
74,userJ_34c7,http://127.0.0.1/api/J,2020-09-24 09:51:34.037,36,2b9b71c3-b674-4e40-a61e-7df69daf7afc,20200924,095134
74,userJ_9502,http://127.0.0.1/api/H,2020-09-24 09:51:35.037,94,5511ee15-b382-4afd-8281-0d2096cbc996,20200924,095135
67,userC_5bd1,http://127.0.0.1/api/I,2020-09-24 09:51:36.038,41,6acc84df-a026-4dcd-a6f4-97faa3f2fe03,20200924,095136
68,userD_0f57,http://127.0.0.1/api/H,2020-09-24 09:51:37.039,33,0367207d-9dec-47d8-b47c-ed81ce08ec78,20200924,095137
66,userB_026f,http://127.0.0.1/api/I,2020-09-24 09:51:38.040,69,0d5dbf4b-c4df-48c7-9804-dd88cecb1880,20200924,095138
66,userB_c633,http://127.0.0.1/api/I,2020-09-24 09:51:39.040,73,54823249-85b0-490a-b936-b75ce4d92c96,20200924,095139
74,userJ_e393,http://127.0.0.1/api/H,2020-09-24 09:51:40.041,22,d9137851-5fe8-4a83-92ca-efe97e58d580,20200924,095140
74,userJ_adb2,http://127.0.0.1/api/H,2020-09-24 09:51:41.041,26,9cbcac9e-1f5b-4a41-9703-08f843c425a0,20200924,095141
67,userC_2073,http://127.0.0.1/api/K,2020-09-24 09:51:42.042,80,437b29e7-a927-403a-9cc6-76a527ddfd94,20200924,095142
68,userD_c370,http://127.0.0.1/api/K,2020-09-24 09:51:43.042,86,3be0e51d-2426-4197-89ec-aca286eb0f87,20200924,095143
73,userI_a891,http://127.0.0.1/api/I,2020-09-24 09:51:44.042,59,023199b1-a131-4da7-8bbd-35f08a783f7a,20200924,095144
69,userE_37c5,http://127.0.0.1/api/K,2020-09-24 09:51:45.043,33,4a95f107-455b-4776-bb7e-523562ac3557,20200924,095145
66,userB_8c02,http://127.0.0.1/api/J,2020-09-24 09:51:46.044,36,9d293313-686b-45b2-b68c-271a97b4b613,20200924,095146
72,userH_f053,http://127.0.0.1/api/K,2020-09-24 09:51:47.045,10,0e2d5eef-73bc-4b6c-8e89-daf61b9a2462,20200924,095147
68,userD_dfb7,http://127.0.0.1/api/J,2020-09-24 09:51:48.046,33,931b06db-fe82-4924-a195-fca7b78a51fb,20200924,095148
69,userE_de3c,http://127.0.0.1/api/J,2020-09-24 09:51:49.046,91,7a8caf1f-e530-4b84-9d26-e0917bac6964,20200924,095149
69,userE_ea1f,http://127.0.0.1/api/K,2020-09-24 09:51:50.046,48,6b49807d-43b9-437d-833d-a957df35c6c2,20200924,095150
74,userJ_1794,http://127.0.0.1/api/I,2020-09-24 09:51:51.047,23,b8be615c-9919-4a92-8e36-a289438f6aaa,20200924,095151
69,userE_0166,http://127.0.0.1/api/I,2020-09-24 09:51:52.048,89,93120133-f1e6-40af-b2f9-068483d28715,20200924,095152
69,userE_f44e,http://127.0.0.1/api/J,2020-09-24 09:51:53.048,89,86eaea88-6ce3-40b6-a1a8-bce907d9e8bd,20200924,095153
70,userF_eb79,http://127.0.0.1/api/J,2020-09-24 09:51:54.048,56,055a5335-01b9-421d-84cd-ba4a567f403e,20200924,095154
67,userC_cb38,http://127.0.0.1/api/I,2020-09-24 09:51:55.048,68,e2da08e3-d545-4c45-9004-3ec364355262,20200924,095155
71,userG_53ae,http://127.0.0.1/api/H,2020-09-24 09:51:56.048,91,5a0927f2-dc87-454e-9f07-8f1e1903f35f,20200924,095156
73,userI_d577,http://127.0.0.1/api/J,2020-09-24 09:51:57.048,39,a11c9372-c8fa-435f-a729-facd4d16558e,20200924,095157
68,userD_7a70,http://127.0.0.1/api/K,2020-09-24 09:51:58.049,23,6eb22e90-5279-4238-a6bf-0b1654fcd61a,20200924,095158
66,userB_cca6,http://127.0.0.1/api/J,2020-09-24 09:51:59.049,34,6385bf27-c8ae-439b-8292-5234343630d3,20200924,095159
74,userJ_e9f6,http://127.0.0.1/api/I,2020-09-24 09:52:00.050,87,d43a6f01-ab77-4861-91a2-a8c7aa43d7ac,20200924,095200
66,userB_4e41,http://127.0.0.1/api/J,2020-09-24 09:52:01.050,35,d95ae434-8ef2-4ed7-a6e5-0a0929ca8c5a,20200924,095201
69,userE_0336,http://127.0.0.1/api/H,2020-09-24 09:52:02.051,19,e3bb64f2-05b5-4396-8c4f-655264c5e923,20200924,095202
67,userC_8c79,http://127.0.0.1/api/J,2020-09-24 09:52:03.051,31,ba7d0813-3375-4622-b0b7-6d119ee664b5,20200924,095203
70,userF_3333,http://127.0.0.1/api/K,2020-09-24 09:52:04.052,99,56a90597-4329-43a8-b3d2-284effd954ea,20200924,095204
73,userI_47bd,http://127.0.0.1/api/H,2020-09-24 09:52:05.052,48,ab5695d1-33b8-478a-a9c3-57b8ca1f084d,20200924,095205
66,userB_546b,http://127.0.0.1/api/J,2020-09-24 09:52:06.053,84,8b0e28e9-b2c4-4468-9390-15bc5bfb6b6d,20200924,095206
67,userC_2576,http://127.0.0.1/api/I,2020-09-24 09:52:07.054,88,21a4217b-1a04-4952-8cfc-e279879fa9e0,20200924,095207
70,userF_edd8,http://127.0.0.1/api/K,2020-09-24 09:52:08.055,72,a6cdcda0-9903-47b0-9092-750d92c9747d,20200924,095208
72,userH_069b,http://127.0.0.1/api/H,2020-09-24 09:52:09.055,20,e13c109b-3421-4c18-845c-948c2886ae11,20200924,095209
71,userG_c362,http://127.0.0.1/api/I,2020-09-24 09:52:10.057,57,6d1b5b26-6236-48d7-9c1c-7f2a48a582e8,20200924,095210
65,userA_ef3e,http://127.0.0.1/api/J,2020-09-24 09:52:11.058,7,a43c4221-6add-48a7-bbd4-3a1f8850bd4c,20200924,095211
74,userJ_a620,http://127.0.0.1/api/I,2020-09-24 09:52:12.058,67,6d7a65c4-acf7-4102-82a5-6c26f52c003c,20200924,095212
74,userJ_0181,http://127.0.0.1/api/I,2020-09-24 09:52:13.058,23,ce8562c8-6750-4938-9bcb-51072e45ffe7,20200924,095213
74,userJ_b014,http://127.0.0.1/api/I,2020-09-24 09:52:14.059,14,4a3e7424-d945-40a6-bc1c-50a72edb4bcb,20200924,095214
72,userH_005d,http://127.0.0.1/api/J,2020-09-24 09:52:15.060,63,396781d0-b20d-4a87-9db1-9603671004e2,20200924,095215
68,userD_6cde,http://127.0.0.1/api/I,2020-09-24 09:52:16.061,93,33a4b765-6295-461b-b2e1-1b18c8ff6c76,20200924,095216
71,userG_4166,http://127.0.0.1/api/H,2020-09-24 09:52:17.066,23,67433195-3a86-41a3-860e-ca8cd97d16da,20200924,095217
69,userE_1901,http://127.0.0.1/api/H,2020-09-24 09:52:18.066,89,29477449-0697-42c2-bd41-4852a81ca835,20200924,095218
67,userC_3a45,http://127.0.0.1/api/K,2020-09-24 09:52:19.067,8,9a84ed27-cb76-4ec6-a453-f30a31bd7c15,20200924,095219
72,userH_2809,http://127.0.0.1/api/K,2020-09-24 09:52:20.067,31,47e7d042-3088-4974-aacf-82bb492f6b12,20200924,095220
68,userD_b4b8,http://127.0.0.1/api/K,2020-09-24 09:52:21.068,35,0863cfe3-a8ce-4127-b264-a7f8b0aea5a2,20200924,095221
65,userA_0ab2,http://127.0.0.1/api/H,2020-09-24 09:52:22.068,34,b55e3cb4-9448-4e22-855b-d037db169901,20200924,095222
74,userJ_3a81,http://127.0.0.1/api/H,2020-09-24 09:52:23.070,54,097afa82-f852-413c-872d-d9b810b9e858,20200924,095223
74,userJ_aa42,http://127.0.0.1/api/H,2020-09-24 09:52:24.070,10,75c94a1d-3fce-47f6-9751-7ebf1081bdba,20200924,095224
74,userJ_8e9d,http://127.0.0.1/api/H,2020-09-24 09:52:25.071,50,306525b3-6f29-442d-9c47-cc49cd4d2cd0,20200924,095225
74,userJ_4f14,http://127.0.0.1/api/H,2020-09-24 09:52:26.071,6,ba07e6da-bc34-4832-b7ff-2030211338be,20200924,095226
74,userJ_e5ec,http://127.0.0.1/api/K,2020-09-24 09:52:27.072,62,85eb7c08-b97c-4748-a0f1-aa2b5aa97b92,20200924,095227
70,userF_d744,http://127.0.0.1/api/J,2020-09-24 09:52:28.072,74,8deef06e-1291-4fa8-b177-29fcb87726a7,20200924,095228
71,userG_91c6,http://127.0.0.1/api/J,2020-09-24 09:52:29.073,15,9b9843bb-b4c7-4c70-b356-07c45a207285,20200924,095229
67,userC_e6da,http://127.0.0.1/api/I,2020-09-24 09:52:30.074,56,46565a16-819b-4181-b507-707ed4fd9ae1,20200924,095230
74,userJ_4004,http://127.0.0.1/api/I,2020-09-24 09:52:31.074,21,73622857-def7-4527-b8ad-d83826b9b6f3,20200924,095231
72,userH_0711,http://127.0.0.1/api/H,2020-09-24 09:52:32.074,33,b6d90d2c-245d-4b7d-8a91-2cb7032aa51b,20200924,095232
68,userD_bb5a,http://127.0.0.1/api/H,2020-09-24 09:52:33.075,70,f69fa728-1e55-499a-9db0-520ca6ca421c,20200924,095233
70,userF_e513,http://127.0.0.1/api/J,2020-09-24 09:52:34.075,18,37b29343-6edd-4a60-9afb-00d9e3397dd7,20200924,095234
65,userA_6403,http://127.0.0.1/api/H,2020-09-24 09:52:35.076,29,34fa6407-a4b6-4267-9688-fb416f532554,20200924,095235
73,userI_b9d4,http://127.0.0.1/api/J,2020-09-24 09:52:36.076,40,073ea495-51d9-49a0-b6de-1fc701104338,20200924,095236
68,userD_8948,http://127.0.0.1/api/J,2020-09-24 09:52:37.076,63,f2d804d9-fc9e-479f-9544-5b01d091eef7,20200924,095237
65,userA_4b36,http://127.0.0.1/api/H,2020-09-24 09:52:38.077,84,a9aa3892-f34e-4420-8936-1e76c9ff7296,20200924,095238
74,userJ_18e3,http://127.0.0.1/api/I,2020-09-24 09:52:39.077,49,455615ed-994f-45f0-bbb8-ba64b0d45b15,20200924,095239
65,userA_2503,http://127.0.0.1/api/H,2020-09-24 09:52:40.078,53,a97f55cd-12b0-4a80-bdcd-d39ddb7076e5,20200924,095240
68,userD_a151,http://127.0.0.1/api/I,2020-09-24 09:52:41.079,89,09fe44fb-b01d-4fd9-a4e4-9b21de922cb1,20200924,095241
71,userG_c235,http://127.0.0.1/api/K,2020-09-24 09:52:42.079,37,411abf1b-0294-4a26-b6c3-e6facfb9964c,20200924,095242
73,userI_abba,http://127.0.0.1/api/K,2020-09-24 09:52:43.080,3,9e59e17b-5ce1-430a-b1b8-ccef7374ef8a,20200924,095243
66,userB_153f,http://127.0.0.1/api/J,2020-09-24 09:52:44.081,21,d8749fda-ff56-4d6c-9746-d986d5958491,20200924,095244
65,userA_e598,http://127.0.0.1/api/K,2020-09-24 09:52:45.081,36,9580c965-2eca-491e-91ce-dbda8a085b16,20200924,095245
74,userJ_8e68,http://127.0.0.1/api/K,2020-09-24 09:52:46.081,92,0cd06402-65f2-4afa-846f-82d0d0212f56,20200924,095246
73,userI_2f41,http://127.0.0.1/api/K,2020-09-24 09:52:47.082,57,1b1fd79c-e2bf-44f2-9ff7-33e5367959a5,20200924,095247
73,userI_c224,http://127.0.0.1/api/K,2020-09-24 09:52:48.082,61,2d8f7006-baba-4eeb-84d8-269ca5a35a60,20200924,095248
69,userE_c301,http://127.0.0.1/api/I,2020-09-24 09:52:49.083,91,58645949-ff1e-4b7a-b9cb-c473712e38d6,20200924,095249
67,userC_05a5,http://127.0.0.1/api/K,2020-09-24 09:52:50.084,92,66e08cf3-b5ed-4924-9114-9da439cbf6de,20200924,095250
71,userG_5f17,http://127.0.0.1/api/I,2020-09-24 09:52:51.084,13,19c7f838-9960-47f5-9c0d-042b7394232f,20200924,095251
71,userG_2da5,http://127.0.0.1/api/J,2020-09-24 09:52:52.084,69,04396585-88d9-4d57-9390-ff28b76a9b4e,20200924,095252
65,userA_bbe3,http://127.0.0.1/api/H,2020-09-24 09:52:53.085,2,4000aa54-4d58-4d7e-bc27-ebfa2afe9c4a,20200924,095253
66,userB_927f,http://127.0.0.1/api/K,2020-09-24 09:52:54.085,60,75da24a5-c0f4-4151-80ec-16e1fd8a4fc2,20200924,095254
71,userG_a417,http://127.0.0.1/api/J,2020-09-24 09:52:55.085,33,4d3197f7-85ad-448e-a211-dbb67ce085eb,20200924,095255
74,userJ_669e,http://127.0.0.1/api/K,2020-09-24 09:52:56.086,81,5c25f1e4-71d7-45db-93cc-173328c792bb,20200924,095256
74,userJ_fa69,http://127.0.0.1/api/I,2020-09-24 09:52:57.086,91,f223edf8-5e61-4b9a-a5fd-26a057282475,20200924,095257
69,userE_5e14,http://127.0.0.1/api/J,2020-09-24 09:52:58.087,13,77d1c008-3f0a-4254-8174-02172da65eb3,20200924,095258
66,userB_b790,http://127.0.0.1/api/I,2020-09-24 09:52:59.087,86,94f8dabf-8e9d-45dd-bc3c-8f2cf78bb5d8,20200924,095259
67,userC_fe59,http://127.0.0.1/api/K,2020-09-24 09:53:00.088,81,52a024c6-2bc5-4b20-bbee-44baa9e6de84,20200924,095300
71,userG_bb73,http://127.0.0.1/api/K,2020-09-24 09:53:01.088,4,dc31f68c-df63-4ac1-92e6-fd2763168574,20200924,095301
74,userJ_f7ee,http://127.0.0.1/api/K,2020-09-24 09:53:02.089,34,8ee392f6-8df4-4575-9b9f-9415946e6417,20200924,095302
73,userI_e307,http://127.0.0.1/api/K,2020-09-24 09:53:03.089,0,f2783c60-9cbc-40bc-8d92-b8ccb8a644b8,20200924,095303
67,userC_135d,http://127.0.0.1/api/I,2020-09-24 09:53:04.090,92,75f7cb47-269d-4249-9889-6b42b09b20f5,20200924,095304
65,userA_a0f4,http://127.0.0.1/api/K,2020-09-24 09:53:05.090,39,7c020862-b1d9-4c85-b693-3d19c64e330a,20200924,095305
72,userH_2821,http://127.0.0.1/api/J,2020-09-24 09:53:06.090,12,febc2e03-28ea-4bc0-a4c2-b08b6e93139b,20200924,095306
67,userC_3775,http://127.0.0.1/api/K,2020-09-24 09:53:07.091,86,7088a928-4bb8-42a7-a982-b56f34d34725,20200924,095307
65,userA_2965,http://127.0.0.1/api/J,2020-09-24 09:53:08.092,89,beb5fb33-b7a5-40ff-a833-eecb439768b5,20200924,095308
65,userA_19eb,http://127.0.0.1/api/J,2020-09-24 09:53:09.092,45,35fa5fd3-e4b1-4bcb-a618-c8e178824313,20200924,095309
68,userD_a62e,http://127.0.0.1/api/H,2020-09-24 09:53:10.092,23,37e1a88a-03ff-41a3-987d-613904fac49a,20200924,095310
72,userH_8f16,http://127.0.0.1/api/I,2020-09-24 09:53:11.093,0,63aec133-0fc2-4bc3-a9f4-380513cd9199,20200924,095311
67,userC_4b57,http://127.0.0.1/api/H,2020-09-24 09:53:12.094,1,2bc84fa3-e908-4fec-9c3f-15b3be15f0fc,20200924,095312
67,userC_f76d,http://127.0.0.1/api/H,2020-09-24 09:53:13.094,57,5faec785-3332-4b3b-b963-dbf361e13bcb,20200924,095313
72,userH_238d,http://127.0.0.1/api/K,2020-09-24 09:53:14.094,78,f06f5c07-3ab3-42f3-a3a6-eb9d6d03dc65,20200924,095314
68,userD_d017,http://127.0.0.1/api/H,2020-09-24 09:53:15.095,53,91e8e8b3-4dde-4579-b285-27db8b0e384a,20200924,095315
66,userB_956a,http://127.0.0.1/api/K,2020-09-24 09:53:16.096,9,37e1be80-c6a3-45e8-8bf4-359a7779cc46,20200924,095316
74,userJ_30cf,http://127.0.0.1/api/I,2020-09-24 09:53:17.096,21,0b1f91bc-7d07-4c45-b32d-96932ec9730b,20200924,095317
66,userB_9bcd,http://127.0.0.1/api/K,2020-09-24 09:53:18.097,55,64cf1511-5df9-41eb-bdfa-225ebb038c11,20200924,095318
66,userB_3a77,http://127.0.0.1/api/I,2020-09-24 09:53:19.097,55,a62ba44c-e312-425d-b938-106499f12209,20200924,095319
69,userE_b778,http://127.0.0.1/api/J,2020-09-24 09:53:20.098,13,35977927-52d7-40e7-aa3d-53626211cf5b,20200924,095320
66,userB_4c35,http://127.0.0.1/api/I,2020-09-24 09:53:21.098,25,e86e5186-47cd-4605-a844-0815ff77931c,20200924,095321
65,userA_fab8,http://127.0.0.1/api/I,2020-09-24 09:53:22.098,44,d6bb9e98-f977-4bf9-b475-c9fdb660969e,20200924,095322
67,userC_1048,http://127.0.0.1/api/J,2020-09-24 09:53:23.098,92,b350b9c7-e630-4fc1-b25f-f4394a42399a,20200924,095323
70,userF_a25a,http://127.0.0.1/api/H,2020-09-24 09:53:24.099,76,d25e153f-36ae-460e-89bf-a30aa52a589e,20200924,095324
65,userA_dbbc,http://127.0.0.1/api/H,2020-09-24 09:53:25.100,32,c2d87617-1272-4a19-a99e-70adad80100c,20200924,095325
66,userB_f19f,http://127.0.0.1/api/H,2020-09-24 09:53:26.101,74,6e1a86a5-57c5-4649-834a-e8c298202afd,20200924,095326
66,userB_f93f,http://127.0.0.1/api/H,2020-09-24 09:53:27.101,65,a7685d10-5e21-489b-b790-3191ee1aa5eb,20200924,095327
